<?xml version="1.0" encoding="UTF-8" ?>
<!DOCTYPE struts PUBLIC "-//Apache Software Foundation//DTD Struts Configuration 2.1//EN" "http://struts.apache.org/dtds/struts-2.1.dtd">
<struts>
<constant name="struts.multipart.saveDir" value="D:\temp"></constant>
<constant name="struts.configuration.xml.reload" value="true"/>

<package name="a" extends="struts-default">

<action name="login" class="tra.UserForRegister" method="getUserInfo">
<result name="stay">/indexAgain.jsp</result>
<result name="login">/primary.jsp</result>
</action>

<action name="login1" class="tra.UserForRegister" method="getUserInfo">
<result name="stay">/indexAgain.jsp</result>
<result name="login">/primary.jsp</result>
</action>

<action name="register" class="tra.UserForRegister" method="setUserInfo">
<result name="stay">/createAccount.jsp</result>
<result name="success">/index.jsp</result>
</action>

<action name="forget">
<result>/updatePw.jsp</result>
</action>

<action name="update" class="tra.UserForRegister" method="updateUserInfo">
<result name="stay">/forgetPw.jsp</result>
<result name="success">/index.jsp</result>
</action>

<action name="information" class="tra.UserForPriInfo" method="updatePriInfo">
<result name="stay">/Myinfo.jsp</result>
<result name="success">/individual.jsp</result>
</action>

<action name="route" class="tra.UserForTraRecord" method="setRecord">
<result name="stay">/getRoute.jsp</result>
<result name="success">/findScenery.jsp</result>
</action>

<action name="diaryOper" class="tra.UserForDiary" method="operation">
<result name="stay">/diary.jsp</result>
<result name="set">/individual.jsp</result>
<result name="update">/individual.jsp</result>
<result name="delete">/individual.jsp</result>
<result name="share">/individual.jsp</result>
</action>
 
 <action name="communication" class="tra.UserForDiary" method="conOper">
 <result name="success">/communication.jsp</result>
 </action>
 
 
<action name="uploadfile" class="tra.UploadFileAction" method="upload">
<result name="success">/individual.jsp</result>
</action>

<action name="friend" class="tra.UserForFriend" method="friendOper">
<result name="success">/individual.jsp</result>
<result name="stay">/individual.jsp</result>
<result name="sendMessage">/message.jsp</result>
</action>

<action name="message" class="tra.UserForMessage" method="messageOper">
<result name="success">/message.jsp</result>
<result name="stay">/message.jsp</result>
</action>

</package>
</struts>    
