<?xml version="1.0" encoding="UTF-8" ?>
<!DOCTYPE struts PUBLIC "-//Apache Software Foundation//DTD Struts Configuration 2.1//EN" "http://struts.apache.org/dtds/struts-2.1.dtd">
<struts>
<package name="a" extends="struts-default">

<action name="login" class="T.TravelSite" method="loginChange">
<result name="stay">/indexAgain.jsp</result>
<result name="login">/primary.jsp</result>
</action>

<action name="login1" class="T.TravelSite" method="loginChange">
<result name="stay">/indexAgain.jsp</result>
<result name="login">/primary.jsp</result>
</action>

<action name="register" class="T.TravelSite" method="registerChange">
<result name="stay">/createAccount.jsp</result>
<result name="success">/index.jsp</result>
</action>

<action name="forget">
<result>/updatePw.jsp</result>
</action>

<action name="update" class="T.TravelSite" method="updateChange">
<result name="stay">/forgetPw.jsp</result>
<result name="success">/index.jsp</result>
</action>

<action name="information" class="T.TravelSite" method="myInformation">
<result name="stay">/Myinfo.jsp</result>
<result name="success">/individual.jsp</result>
</action>

<action name="route" class="T.TravelSite" method="addTravel">
<result name="stay">/getRoute.jsp</result>
<result name="success">/findScenery.jsp</result>
</action>

</package>
</struts>    
